{"cameraMode":{"drawMode":0,"name":"Shaded","section":"Shading Mode"},"sceneLighting":true,"audioPlay":false,"sceneViewState":{"m_AlwaysRefresh":false,"showFog":true,"showSkybox":true,"showFlares":true,"showImageEffects":true,"showParticleSystems":true,"showVisualEffectGraphs":true,"m_FxEnabled":true},"in2DMode":false,"pivot":{"x":152.18128967285157,"y":17.235002517700197,"z":0.190606951713562},"rotation":{"x":-0.05126940459012985,"y":-0.6997556686401367,"z":0.05046393349766731,"w":-0.7107638120651245},"size":152.20101928710938,"orthographic":false}