{"cameraMode":{"drawMode":0,"name":"Shaded","section":"Shading Mode"},"sceneLighting":true,"audioPlay":false,"sceneViewState":{"m_AlwaysRefresh":false,"showFog":true,"showSkybox":true,"showFlares":true,"showImageEffects":true,"showParticleSystems":true,"showVisualEffectGraphs":true,"m_FxEnabled":true},"in2DMode":false,"pivot":{"x":303.5933837890625,"y":125.50355529785156,"z":-461.8892822265625},"rotation":{"x":0.12120144069194794,"y":0.0000013659207525051898,"z":-1.7709744781768678e-7,"w":0.9926285743713379},"size":185.97952270507813,"orthographic":true}