{"cameraMode":{"drawMode":0,"name":"Shaded","section":"Shading Mode"},"sceneLighting":true,"audioPlay":false,"sceneViewState":{"m_AlwaysRefresh":false,"showFog":true,"showSkybox":true,"showFlares":true,"showImageEffects":true,"showParticleSystems":true,"showVisualEffectGraphs":true,"m_FxEnabled":true},"in2DMode":false,"pivot":{"x":-0.02508646249771118,"y":-90.08999633789063,"z":-0.9514226913452148},"rotation":{"x":0.014773416332900525,"y":-0.973863959312439,"z":0.21706756949424745,"w":0.06612143665552139},"size":2.8172781467437746,"orthographic":false}