{"cameraMode":{"drawMode":0,"name":"Shaded","section":"Shading Mode"},"sceneLighting":true,"audioPlay":false,"sceneViewState":{"m_AlwaysRefresh":false,"showFog":true,"showSkybox":true,"showFlares":true,"showImageEffects":true,"showParticleSystems":true,"showVisualEffectGraphs":true,"m_FxEnabled":true},"in2DMode":false,"pivot":{"x":303.5933837890625,"y":125.50355529785156,"z":-461.8892822265625},"rotation":{"x":0.042951926589012149,"y":0.4452282786369324,"z":-0.021386710926890374,"w":0.8941329717636108},"size":563.9862670898438,"orthographic":true}