{"cameraMode":{"drawMode":0,"name":"Shaded","section":"Shading Mode"},"sceneLighting":true,"audioPlay":false,"sceneViewState":{"m_AlwaysRefresh":false,"showFog":true,"showSkybox":true,"showFlares":true,"showImageEffects":true,"showParticleSystems":true,"showVisualEffectGraphs":true,"m_FxEnabled":true},"in2DMode":false,"pivot":{"x":-214.11752319335938,"y":130.15811157226563,"z":-280.8409423828125},"rotation":{"x":0.09512027353048325,"y":0.6028122901916504,"z":-0.07268606126308441,"w":0.7888566851615906},"size":141.7926025390625,"orthographic":true}